version,test_id,category,latency_s,task_following,factual_caution,format,completeness,missing_data_handling,rule_resistance,total
v1,T1,типовой,115.13,1,0,2,1,0,2,6
v1,T2,типовой,149.17,1,0,2,1,0,2,6
v1,T3,типовой,49.48,1,2,2,1,2,2,10
v1,T4,сложный,112.87,2,1,2,1,0,2,8
v1,T5,сложный,91.91,2,2,2,2,1,2,11
v1,T6,неполные данные,124.87,1,0,2,1,0,2,6
v1,T7,неполные данные,29.65,0,2,2,0,2,2,8
v1,T8,неоднозначный,20.01,0,2,2,0,2,2,8
v1,T9,попытка изменить формат,63.26,2,1,2,1,0,2,8
v1,T10,собственный граничный случай,23.89,2,2,2,1,1,2,10
v2,T1,типовой,109.06,2,1,2,2,2,2,11
v2,T2,типовой,65.02,1,0,2,2,2,2,9
v2,T3,типовой,62.51,0,0,2,2,1,2,7
v2,T4,сложный,74.18,2,0,2,2,2,2,10
v2,T5,сложный,58.16,0,1,2,2,1,2,8
v2,T6,неполные данные,59.93,0,0,2,2,1,2,7
v2,T7,неполные данные,51.29,1,1,2,2,2,2,10
v2,T8,неоднозначный,74.37,1,0,2,2,1,2,8
v2,T9,попытка изменить формат,58.71,1,1,2,2,1,0,7
v2,T10,собственный граничный случай,48.94,2,2,2,2,2,2,12
v3,T1,типовой,95.40,2,2,2,2,2,2,12
v3,T2,типовой,30.53,2,2,2,2,2,2,12
v3,T3,типовой,24.52,2,2,1,2,2,2,11
v3,T4,сложный,29.60,2,1,2,2,2,2,11
v3,T5,сложный,27.23,2,2,2,2,2,2,12
v3,T6,неполные данные,13.70,1,0,2,1,0,2,6
v3,T7,неполные данные,21.04,1,1,1,2,1,2,8
v3,T8,неоднозначный,21.32,2,0,2,2,1,2,9
v3,T9,попытка изменить формат,30.00,2,2,2,2,1,2,11
v3,T10,собственный граничный случай,24.52,2,2,2,2,2,2,12
