model,prompt_id,prompt_type,latency_s,error,answer_preview
llama3.2:1b,1,Объяснение,20.099,,"Хеширование — метод шифрования, в котором khóa, содержащая ключи, используемую для encryptace данных, представляет собой пары (дом asymmetric), включая ключ и его версию обратной части. Шифр — это циф"
llama3.2:1b,2,Классификация,4.415,, Typ события: Normа (безSuspicious или Critical).
llama3.2:1b,3,Суммаризация,60.758,,"Вариант 1: Системы обнаружения вторжений (IDS) — это упорт, который помогает detects атаки на mạng или сеть.  Схема:  1. Сystemsная журнал. 2. Сystemsное распознаватель шаблонов (signature-based IDS)."
llama3.2:1b,4,Структурирование,23.661,,"Поскольку в тексте нет json, я могу отслеживать контекст и определить, что оно является textом. В этом случае у меня есть few данных:  * Text — это сущность, которая получает данные из системы. * Оно "
llama3.2:1b,5,Код,49.144,,"**sha256-проверка строк**  Below - это Python-функция для проверки SHA-256 защиты строки:  ```python import hashlib  def sha256_check(string: str) -> bool:     """"""     Проверка SHA-256 protected strin"
llama3.2:1b,6,Отладка,22.293,,"ओстação ``range(len(password)-1) `` не задает диапазон для анализа каждого characters passwords в Python. Если password имеет less 8 characterов, то вы не может использовать в range только до last cha"
llama3.2:1b,7,Аналитика,95.946,,"Цель FIRST là выявлять и устранять потенциальную подозрительную активность, а не поджесить или действовать незаконно.  Данное предложение относительно plans первичного анализа заражения корпоративной "
llama3.2:1b,8,ИБ,31.449,,"Внешний Легgings (VLMs) - это loại hardware или software, используемый для анализа внутренних documentов организации. However, существует также определенные риски и потенциальные проблемы при использо"
llama3.2:1b,9,Деловой текст,12.344,,"""Мы решаем, чтобы в нашем AI-сервисе защищать ваше личную информацию и пароли. с помощью безопасной процедуры аутентификации посредством Two-Factor Authentication (2FA). Важно помнить, что передача па"
llama3.2:1b,10,Формат,32.269,,| РISK | ВЕЖИМОЦЫЛЮ | ЗБВ | МЕЗАЗАЩУКТ | ВЈТОКУЛЬΤУРЫ | |:-----|:-------------|:-------|:---------------:|---------------------:| | Риск 1 | Были заfeцированы почтой | Схожиеบน АИ-агентов | Каждый раз
qwen2.5:1.5b,1,Объяснение,60.877,,"Хеширование — это процесс кодирования данных, который преобразывает входные данные в уникальный ключ (хаши) не изменяя сама логику исходных значений. Это часто используется для сжатия и контроля досту"
qwen2.5:1.5b,2,Классификация,71.086,,"Тип этого события — критично.  Объяснение:  Этот случай может быть считан как критическое событие в IT-среднем или информационно-анализации бизнеса, поскольку: 1) Период времени - 15 потоков попыток в"
qwen2.5:1.5b,3,Суммаризация,71.47,,"1. Системы обнаружения вторжений анализируют трафик и журнал. 2. Сигнатурные IDS быстры, но видят только известные угрозы. 3. Поведенческие IDS отличаются меньшим количеством ложных срабатываний. 4. И"
qwen2.5:1.5b,4,Структурирование,39.496,,"Конечно! Отсюда можно выделить следующие сущности:  - ip - 192.168.1.15 - user - admin  - timestamp - 03:24 - event_type - вход  Таким образом, JSON звучит так:  ```json {   ""ip"": ""192.168.1.15"",   ""u"
qwen2.5:1.5b,5,Код,97.206,,"Конечно! Вот пример функции, которая принимает аргумент (строку для проверки) и возвращает `True`, если шла SHA-256 самоподписи, иначе `False`:  ```python import hashlib  def is_SHA_256(s):     """"""Воз"
qwen2.5:1.5b,6,Отладка,82.566,,"В данном коде есть несколько ожидаемых ошибок. Основные проблемы следующие:  1. Несобственный ввод для цикла: Вместо `range(len(password)-1)` используется неочевидно понятный метод, который изменяет з"
qwen2.5:1.5b,7,Аналитика,133.076,,"1. **Анализ критической информации:**    - Узнайте, какие системы и функции подвержены угрозы?    - Эскизы поведения и действий укрупненных объектов (ПО/МРУ) на время атаки.  2. **Обсуждение вариантов"
qwen2.5:1.5b,8,ИБ,79.306,,"1. **Риск несоблюдения законодательства**: Если компания использует локальные ограничения для проверки источников контента, использование внешних LSTM создаст проблему в соответствии с их политикой от"
qwen2.5:1.5b,9,Деловой текст,21.093,,"Ведущий персонал:  Приостановлена передача своих личных паролей на сервисы автоматической интеграции (например, GitLab для ИКМ). Для обеспечения безопасности сведений сотрудников необходимо использова"
qwen2.5:1.5b,10,Формат,53.259,,```markdown | Риск                        | Вероятность    | Ущерб                            | Мера защита | |-------------------------------|------------------|----------------------------------|---
